﻿<?xml version="1.0" encoding="utf-8"?>
<ExecutionTC TCId="460f8091672644219bc7625759bf18cd" ManualTCId="api" TCName="api">
  <WF>
    <TaskName ID="d1f90a68b60149c984a055aaa7d24d2d" LineNumber="" IsSystemTask="True" OnError="Continue" TaskSeq="1" Desc="SystemPurpose" ParentID="" WFId="">d1f90a68b60149c984a055aaa7d24d2d</TaskName>
    <TaskName ID="502748bdf6eb453d9a7732995c3d800e" LineNumber="" IsSystemTask="True" OnError="Continue" TaskSeq="2" Desc="SystemPurpose" ParentID="" WFId="">502748bdf6eb453d9a7732995c3d800e</TaskName>
    <TaskName ID="be30d3b5eb7f4cfd95ca27b64bc6aae7" LineNumber="" IsSystemTask="True" OnError="Continue" TaskSeq="3" Desc="SystemPurpose" ParentID="" WFId="">be30d3b5eb7f4cfd95ca27b64bc6aae7</TaskName>
    <TaskName ID="781d89e8576145d2b91b6e8f7e178242" LineNumber="" IsSystemTask="True" OnError="Continue" TaskSeq="4" Desc="SystemPurpose" ParentID="" WFId="">781d89e8576145d2b91b6e8f7e178242</TaskName>
    <TaskName ID="e333427a03fc436cbee87c7260e1d395" LineNumber="" IsSystemTask="True" OnError="Continue" TaskSeq="5" Desc="SystemPurpose" ParentID="" WFId="">e333427a03fc436cbee87c7260e1d395</TaskName>
    <TaskName ID="c0b55b97952e46159a14799c8d632106" LineNumber="" IsSystemTask="True" OnError="Continue" TaskSeq="6" Desc="SystemPurpose" ParentID="" WFId="">c0b55b97952e46159a14799c8d632106</TaskName>
    <TaskName ID="4d92bda39a1944a58ee6acbdfd8a4d9b" LineNumber="" IsSystemTask="True" OnError="Continue" TaskSeq="7" Desc="SystemPurpose" ParentID="" WFId="">4d92bda39a1944a58ee6acbdfd8a4d9b</TaskName>
  </WF>
  <TaskInfo>
    <Task ID="d1f90a68b60149c984a055aaa7d24d2d" TaskSeq="1" LineNumber="" BreakPoint="" Comment="" IsCommented="False" IsSkipped="" ParentID="">
      <Step StepId="1" stepSeq="1" ActionId="7236c3adff6c4441b750dfd4b42b14c9" ActionName="REST.GET.ExecuteAPI" QClass="com.webdriverfw.Wrappers.General" ObjectId="" ObjectName="" ObjectTypeId="" LineNumber="1" BreakPoint="" Comment="" IsCommented="" IsSkipped="" ParentID="" />
    </Task>
    <Task ID="502748bdf6eb453d9a7732995c3d800e" TaskSeq="2" LineNumber="" BreakPoint="" Comment="" IsCommented="False" IsSkipped="" ParentID="">
      <Step StepId="1" stepSeq="1" ActionId="7b3b625ce2b14405a79e6c8ddc971104" ActionName="REST.Response.StoreStatusCode" QClass="com.webdriverfw.Wrappers.General" ObjectId="" ObjectName="" ObjectTypeId="" LineNumber="2" BreakPoint="" Comment="" IsCommented="" IsSkipped="" ParentID="" />
    </Task>
    <Task ID="be30d3b5eb7f4cfd95ca27b64bc6aae7" TaskSeq="3" LineNumber="" BreakPoint="" Comment="" IsCommented="False" IsSkipped="" ParentID="">
      <Step StepId="1" stepSeq="1" ActionId="dc83ecd2a8b9407f890d9d13dbb323e0" ActionName="REST.Response.StoreHeaders" QClass="com.webdriverfw.Wrappers.General" ObjectId="" ObjectName="" ObjectTypeId="" LineNumber="3" BreakPoint="" Comment="" IsCommented="" IsSkipped="" ParentID="" />
    </Task>
    <Task ID="781d89e8576145d2b91b6e8f7e178242" TaskSeq="4" LineNumber="" BreakPoint="" Comment="" IsCommented="False" IsSkipped="" ParentID="">
      <Step StepId="1" stepSeq="1" ActionId="643bf30a56414ec1af907063956391cb" ActionName="REST.POST.ExecuteAPI" QClass="com.webdriverfw.Wrappers.General" ObjectId="" ObjectName="" ObjectTypeId="" LineNumber="4" BreakPoint="" Comment="" IsCommented="" IsSkipped="" ParentID="" />
    </Task>
    <Task ID="e333427a03fc436cbee87c7260e1d395" TaskSeq="5" LineNumber="" BreakPoint="" Comment="" IsCommented="False" IsSkipped="" ParentID="">
      <Step StepId="1" stepSeq="1" ActionId="7236c3adff6c4441b750dfd4b42b14c9" ActionName="REST.GET.ExecuteAPI" QClass="com.webdriverfw.Wrappers.General" ObjectId="" ObjectName="" ObjectTypeId="" LineNumber="5" BreakPoint="" Comment="" IsCommented="" IsSkipped="" ParentID="" />
    </Task>
    <Task ID="c0b55b97952e46159a14799c8d632106" TaskSeq="6" LineNumber="" BreakPoint="" Comment="" IsCommented="False" IsSkipped="" ParentID="">
      <Step StepId="1" stepSeq="1" ActionId="dc83ecd2a8b9407f890d9d13dbb323e0" ActionName="REST.Response.StoreHeaders" QClass="com.webdriverfw.Wrappers.General" ObjectId="" ObjectName="" ObjectTypeId="" LineNumber="6" BreakPoint="" Comment="" IsCommented="" IsSkipped="" ParentID="" />
    </Task>
    <Task ID="4d92bda39a1944a58ee6acbdfd8a4d9b" TaskSeq="7" LineNumber="" BreakPoint="" Comment="" IsCommented="False" IsSkipped="" ParentID="">
      <Step StepId="1" stepSeq="1" ActionId="7b3b625ce2b14405a79e6c8ddc971104" ActionName="REST.Response.StoreStatusCode" QClass="com.webdriverfw.Wrappers.General" ObjectId="" ObjectName="" ObjectTypeId="" LineNumber="7" BreakPoint="" Comment="" IsCommented="" IsSkipped="" ParentID="" />
    </Task>
  </TaskInfo>
  <Data>
    <TCDataSet Iteration="1" Mark="True" TCDataSetTag="">
      <Task ID="d1f90a68b60149c984a055aaa7d24d2d" TaskSeq="1">
        <TaskDataSet Iteration="1">
          <Step StepId="1">
            <Param ParamSeq="1" Parameterized="0" Name="&quot;http://gootuyityiuygle.com&quot;">http://gootuyityiuygle.com</Param>
            <Param ParamSeq="2" Parameterized="1" Name="BasePath" xsi:nil="true" xmlns:xsi="http://www.w3.org/2001/XMLSchema-instance" />
            <Param ParamSeq="3" Parameterized="1" Name="AuthenticationType" xsi:nil="true" xmlns:xsi="http://www.w3.org/2001/XMLSchema-instance" />
            <Param ParamSeq="4" Parameterized="1" Name="HeaderLabel" xsi:nil="true" xmlns:xsi="http://www.w3.org/2001/XMLSchema-instance" />
            <Param ParamSeq="5" Parameterized="1" Name="SSLFlag" xsi:nil="true" xmlns:xsi="http://www.w3.org/2001/XMLSchema-instance" />
            <Param ParamSeq="6" Parameterized="0" Name="&quot;D:\output.txt&quot;">D:\output.txt</Param>
            <Param ParamSeq="7" Parameterized="1" Name="ExpectedHTTPStatusCode" xsi:nil="true" xmlns:xsi="http://www.w3.org/2001/XMLSchema-instance" />
          </Step>
        </TaskDataSet>
      </Task>
      <Task ID="502748bdf6eb453d9a7732995c3d800e" TaskSeq="2">
        <TaskDataSet Iteration="1">
          <Step StepId="1">
            <Param ParamSeq="1" Parameterized="0" Name="&quot;code&quot;">code</Param>
          </Step>
        </TaskDataSet>
      </Task>
      <Task ID="be30d3b5eb7f4cfd95ca27b64bc6aae7" TaskSeq="3">
        <TaskDataSet Iteration="1">
          <Step StepId="1">
            <Param ParamSeq="1" Parameterized="0" Name="&quot;header&quot;">header</Param>
          </Step>
        </TaskDataSet>
      </Task>
      <Task ID="781d89e8576145d2b91b6e8f7e178242" TaskSeq="4">
        <TaskDataSet Iteration="1">
          <Step StepId="1">
            <Param ParamSeq="1" Parameterized="1" Name="BaseURL" xsi:nil="true" xmlns:xsi="http://www.w3.org/2001/XMLSchema-instance" />
            <Param ParamSeq="2" Parameterized="1" Name="BasePath" xsi:nil="true" xmlns:xsi="http://www.w3.org/2001/XMLSchema-instance" />
            <Param ParamSeq="3" Parameterized="1" Name="RequestFilePath" xsi:nil="true" xmlns:xsi="http://www.w3.org/2001/XMLSchema-instance" />
            <Param ParamSeq="4" Parameterized="1" Name="AuthenticationType" xsi:nil="true" xmlns:xsi="http://www.w3.org/2001/XMLSchema-instance" />
            <Param ParamSeq="5" Parameterized="1" Name="HeaderLabel" xsi:nil="true" xmlns:xsi="http://www.w3.org/2001/XMLSchema-instance" />
            <Param ParamSeq="6" Parameterized="1" Name="SSLFlag" xsi:nil="true" xmlns:xsi="http://www.w3.org/2001/XMLSchema-instance" />
            <Param ParamSeq="7" Parameterized="1" Name="ResponseFilePath" xsi:nil="true" xmlns:xsi="http://www.w3.org/2001/XMLSchema-instance" />
            <Param ParamSeq="8" Parameterized="1" Name="ExpectedHTTPStatusCode" xsi:nil="true" xmlns:xsi="http://www.w3.org/2001/XMLSchema-instance" />
          </Step>
        </TaskDataSet>
      </Task>
      <Task ID="e333427a03fc436cbee87c7260e1d395" TaskSeq="5">
        <TaskDataSet Iteration="1">
          <Step StepId="1">
            <Param ParamSeq="1" Parameterized="1" Name="BaseURL" xsi:nil="true" xmlns:xsi="http://www.w3.org/2001/XMLSchema-instance" />
            <Param ParamSeq="2" Parameterized="1" Name="BasePath" xsi:nil="true" xmlns:xsi="http://www.w3.org/2001/XMLSchema-instance" />
            <Param ParamSeq="3" Parameterized="1" Name="AuthenticationType" xsi:nil="true" xmlns:xsi="http://www.w3.org/2001/XMLSchema-instance" />
            <Param ParamSeq="4" Parameterized="1" Name="HeaderLabel" xsi:nil="true" xmlns:xsi="http://www.w3.org/2001/XMLSchema-instance" />
            <Param ParamSeq="5" Parameterized="1" Name="SSLFlag" xsi:nil="true" xmlns:xsi="http://www.w3.org/2001/XMLSchema-instance" />
            <Param ParamSeq="6" Parameterized="1" Name="ResponseFilePath" xsi:nil="true" xmlns:xsi="http://www.w3.org/2001/XMLSchema-instance" />
            <Param ParamSeq="7" Parameterized="1" Name="ExpectedHTTPStatusCode" xsi:nil="true" xmlns:xsi="http://www.w3.org/2001/XMLSchema-instance" />
          </Step>
        </TaskDataSet>
      </Task>
      <Task ID="c0b55b97952e46159a14799c8d632106" TaskSeq="6">
        <TaskDataSet Iteration="1">
          <Step StepId="1">
            <Param ParamSeq="1" Parameterized="0" Name="&quot;header&quot;">header</Param>
          </Step>
        </TaskDataSet>
      </Task>
      <Task ID="4d92bda39a1944a58ee6acbdfd8a4d9b" TaskSeq="7">
        <TaskDataSet Iteration="1">
          <Step StepId="1">
            <Param ParamSeq="1" Parameterized="0" Name="&quot;code&quot;">code</Param>
          </Step>
        </TaskDataSet>
      </Task>
    </TCDataSet>
  </Data>
</ExecutionTC>