﻿<?xml version="1.0" encoding="utf-8"?>
<ExecutionTC TCId="507de8e508ae41f79ec20668a4577809" ManualTCId="UI" TCName="UI">
  <WF>
    <TaskName ID="ba26ea5c1d9f490e8bd1a44609058005" LineNumber="" IsSystemTask="True" OnError="Continue" TaskSeq="1" Desc="SystemPurpose" ParentID="" WFId="">ba26ea5c1d9f490e8bd1a44609058005</TaskName>
    <TaskName ID="4565a2e2ffe74b4cb460d7d9fc48a1fc" LineNumber="" IsSystemTask="True" OnError="Continue" TaskSeq="2" Desc="SystemPurpose" ParentID="" WFId="">4565a2e2ffe74b4cb460d7d9fc48a1fc</TaskName>
    <TaskName ID="25a89d6670c1429daac51d30db80e094" LineNumber="" IsSystemTask="True" OnError="Continue" TaskSeq="3" Desc="SystemPurpose" ParentID="" WFId="">25a89d6670c1429daac51d30db80e094</TaskName>
    <TaskName ID="f91484f9e3964f06b4de8eb9d99e78b3" LineNumber="" IsSystemTask="True" OnError="Continue" TaskSeq="4" Desc="SystemPurpose" ParentID="" WFId="">f91484f9e3964f06b4de8eb9d99e78b3</TaskName>
    <TaskName ID="846e2a4365a6493a9597645f6433d357" LineNumber="" IsSystemTask="True" OnError="Continue" TaskSeq="5" Desc="SystemPurpose" ParentID="" WFId="">846e2a4365a6493a9597645f6433d357</TaskName>
    <TaskName ID="9d8a03bdc2b946e9bc9fb2eeb5ae690f" LineNumber="" IsSystemTask="True" OnError="Continue" TaskSeq="6" Desc="SystemPurpose" ParentID="" WFId="">9d8a03bdc2b946e9bc9fb2eeb5ae690f</TaskName>
    <TaskName ID="06e7300e20a84b3ea3fc29da1172330c" LineNumber="" IsSystemTask="True" OnError="Continue" TaskSeq="7" Desc="SystemPurpose" ParentID="" WFId="">06e7300e20a84b3ea3fc29da1172330c</TaskName>
  </WF>
  <TaskInfo>
    <Task ID="ba26ea5c1d9f490e8bd1a44609058005" TaskSeq="1" LineNumber="" BreakPoint="" Comment="" IsCommented="False" IsSkipped="" ParentID="">
      <Step StepId="1" stepSeq="1" ActionId="bb49d1ead632466aa02b76cdc17c9cce" ActionName="OpenURL" QClass="com.webdriverfw.Wrappers.General" ObjectId="" ObjectName="" ObjectTypeId="" LineNumber="1" BreakPoint="" Comment="" IsCommented="" IsSkipped="" ParentID="" />
    </Task>
    <Task ID="4565a2e2ffe74b4cb460d7d9fc48a1fc" TaskSeq="2" LineNumber="" BreakPoint="" Comment="" IsCommented="False" IsSkipped="" ParentID="">
      <Step StepId="1" stepSeq="1" ActionId="d2510f73a1214511bcfe723732cdc09e" ActionName="MaximizeBrowser" QClass="com.webdriverfw.Wrappers.General" ObjectId="" ObjectName="" ObjectTypeId="" LineNumber="2" BreakPoint="" Comment="" IsCommented="" IsSkipped="" ParentID="" />
    </Task>
    <Task ID="25a89d6670c1429daac51d30db80e094" TaskSeq="3" LineNumber="" BreakPoint="" Comment="" IsCommented="False" IsSkipped="" ParentID="">
      <Step StepId="1" stepSeq="1" ActionId="c3eb0c034b2643c68fe2046c325283c1" ActionName="Set" QClass="com.webdriverfw.Wrappers.WebEdit" ObjectId="e88075f1d27b4adea64cdf3d771dba87" ObjectName="ZohoUsername" ObjectTypeId="14c9007341cf4d6ea42123b734b2d3c4" LineNumber="3" BreakPoint="" Comment="" IsCommented="" IsSkipped="" ParentID="" />
    </Task>
    <Task ID="f91484f9e3964f06b4de8eb9d99e78b3" TaskSeq="4" LineNumber="" BreakPoint="" Comment="" IsCommented="False" IsSkipped="" ParentID="">
      <Step StepId="1" stepSeq="1" ActionId="c3eb0c034b2643c68fe2046c325283c1" ActionName="Set" QClass="com.webdriverfw.Wrappers.WebEdit" ObjectId="993533c47b8e47a59e359b9930d11bb3" ObjectName="ZohoPwd" ObjectTypeId="14c9007341cf4d6ea42123b734b2d3c4" LineNumber="4" BreakPoint="" Comment="" IsCommented="" IsSkipped="" ParentID="" />
    </Task>
    <Task ID="846e2a4365a6493a9597645f6433d357" TaskSeq="5" LineNumber="" BreakPoint="" Comment="" IsCommented="False" IsSkipped="" ParentID="">
      <Step StepId="1" stepSeq="1" ActionId="dc01ffd84135445ea0eb52dd78220f50" ActionName="Click" QClass="com.webdriverfw.Wrappers.WebButton" ObjectId="7fecd77ef4804bd8b0cdc561a746dbf3" ObjectName="Signin" ObjectTypeId="2213d41c6e414141abafe619c5f05402" LineNumber="5" BreakPoint="" Comment="" IsCommented="" IsSkipped="" ParentID="" />
    </Task>
    <Task ID="9d8a03bdc2b946e9bc9fb2eeb5ae690f" TaskSeq="6" LineNumber="" BreakPoint="" Comment="" IsCommented="False" IsSkipped="" ParentID="">
      <Step StepId="1" stepSeq="1" ActionId="cdc9623807e111e8ad2cf01faf1c4dfc" ActionName="WaitForVisibility" QClass="com.webdriverfw.Wrappers.WebElement" ObjectId="8ab52460549f45f380217b1c132fdc88" ObjectName="errorMessage" ObjectTypeId="67e307a05ba3486e9f3bb7af3e96bc4f" LineNumber="6" BreakPoint="" Comment="" IsCommented="" IsSkipped="" ParentID="" />
    </Task>
    <Task ID="06e7300e20a84b3ea3fc29da1172330c" TaskSeq="7" LineNumber="" BreakPoint="" Comment="" IsCommented="False" IsSkipped="" ParentID="">
      <Step StepId="1" stepSeq="1" ActionId="f1317b6e18fb4576b828d4f045ce0836" ActionName="StorePropertyValue" QClass="com.webdriverfw.Wrappers.WebElement" ObjectId="8ab52460549f45f380217b1c132fdc88" ObjectName="errorMessage" ObjectTypeId="67e307a05ba3486e9f3bb7af3e96bc4f" LineNumber="7" BreakPoint="" Comment="" IsCommented="" IsSkipped="" ParentID="" />
    </Task>
  </TaskInfo>
  <Data>
    <TCDataSet Iteration="1" Mark="True" TCDataSetTag="">
      <Task ID="ba26ea5c1d9f490e8bd1a44609058005" TaskSeq="1">
        <TaskDataSet Iteration="1">
          <Step StepId="1">
            <Param ParamSeq="1" Parameterized="0" Name="&quot;https://accounts.zoho.com/signin?servicename=ZohoHome&amp;serviceurl=https%3A//home.zoho.com&amp;signupurl=https%3A//www.zoho.com/signup.html&quot;">https://accounts.zoho.com/signin?servicename=ZohoHome&amp;serviceurl=https%3A//home.zoho.com&amp;signupurl=https%3A//www.zoho.com/signup.html</Param>
          </Step>
        </TaskDataSet>
      </Task>
      <Task ID="4565a2e2ffe74b4cb460d7d9fc48a1fc" TaskSeq="2">
        <TaskDataSet Iteration="1">
          <Step StepId="1" />
        </TaskDataSet>
      </Task>
      <Task ID="25a89d6670c1429daac51d30db80e094" TaskSeq="3">
        <TaskDataSet Iteration="1">
          <Step StepId="1">
            <Param ParamSeq="1" Parameterized="0" Name="&quot;abcd&quot;">abcd</Param>
          </Step>
        </TaskDataSet>
      </Task>
      <Task ID="f91484f9e3964f06b4de8eb9d99e78b3" TaskSeq="4">
        <TaskDataSet Iteration="1">
          <Step StepId="1">
            <Param ParamSeq="1" Parameterized="0" Name="&quot;edcdsc&quot;">edcdsc</Param>
          </Step>
        </TaskDataSet>
      </Task>
      <Task ID="846e2a4365a6493a9597645f6433d357" TaskSeq="5">
        <TaskDataSet Iteration="1">
          <Step StepId="1" />
        </TaskDataSet>
      </Task>
      <Task ID="9d8a03bdc2b946e9bc9fb2eeb5ae690f" TaskSeq="6">
        <TaskDataSet Iteration="1">
          <Step StepId="1">
            <Param ParamSeq="1" Parameterized="0" Name="&quot;10&quot;">10</Param>
            <Param ParamSeq="2" Parameterized="0" Name="&quot;100&quot;">100</Param>
            <Param ParamSeq="3" Parameterized="1" Name="keyVisibility" xsi:nil="true" xmlns:xsi="http://www.w3.org/2001/XMLSchema-instance" />
            <Param ParamSeq="4" Parameterized="1" Name="statusIfConditionNotSatisfied" xsi:nil="true" xmlns:xsi="http://www.w3.org/2001/XMLSchema-instance" />
          </Step>
        </TaskDataSet>
      </Task>
      <Task ID="06e7300e20a84b3ea3fc29da1172330c" TaskSeq="7">
        <TaskDataSet Iteration="1">
          <Step StepId="1">
            <Param ParamSeq="1" Parameterized="0" Name="&quot;error&quot;">error</Param>
            <Param ParamSeq="2" Parameterized="0" Name="&quot;text&quot;">text</Param>
          </Step>
        </TaskDataSet>
      </Task>
    </TCDataSet>
  </Data>
</ExecutionTC>